Series Name,Series Code,Country Name,Country Code,1990 [YR1990],2000 [YR2000],2014 [YR2014],2015 [YR2015],2016 [YR2016],2017 [YR2017],2018 [YR2018],2019 [YR2019],2020 [YR2020],2021 [YR2021],2022 [YR2022],2023 [YR2023]
"GDP per capita, PPP (current international $)",NY.GDP.PCAP.PP.CD,Afghanistan,AFG,..,838.000704535831,2229.67953873833,2289.37198611713,2217.29678631971,2338.77869693875,2436.0063198102,2589.410395542,2568.34190916779,2138.87024713086,2092.87995224662,..
"GDP per capita, PPP (current international $)",NY.GDP.PCAP.PP.CD,Albania,ALB,2549.25645432487,3861.30856837761,11258.4572796244,11658.0457494095,12078.3488244026,12769.7625847853,13497.2493226353,14617.7849093704,14436.4850442823,16261.804554188,19492.7830985692,21395.3250372633
"GDP per capita, PPP (current international $)",NY.GDP.PCAP.PP.CD,Algeria,DZA,7559.80484286088,9225.40608014391,14862.7932745547,13973.6882681386,13608.2010371415,13674.8741291965,13916.3760986686,14084.1995307289,12848.7626134738,14690.9162300571,16028.287108716,17026.9616747867
"GDP per capita, PPP (current international $)",NY.GDP.PCAP.PP.CD,American Samoa,ASM,..,..,..,..,..,..,..,..,..,..,..,..
"GDP per capita, PPP (current international $)",NY.GDP.PCAP.PP.CD,Andorra,AND,24456.9039014423,33249.5649054739,49938.6709928819,51035.8875990701,52847.3008681902,53031.6619118219,55354.3891037228,57573.6930490229,51881.2896726873,58829.8500720505,68311.7729810483,71587.4817760577
"GDP per capita, PPP (current international $)",NY.GDP.PCAP.PP.CD,Angola,AGO,3283.4719063483,3286.35849348127,7999.82685137622,7127.3395733001,6850.38462458694,6998.79618747166,7353.34998821375,7533.51185400503,6455.119982133,7414.27895783202,7928.6414975388,8040.54360062078
"GDP per capita, PPP (current international $)",NY.GDP.PCAP.PP.CD,Antigua and Barbuda,ATG,12881.7085613412,19191.8560253754,21558.9997705071,20865.2339089624,21181.6274149752,21217.6292614592,24336.8548617152,26316.833216636,22159.4122861666,25493.1295548691,29711.5633165812,31802.3771965018
"GDP per capita, PPP (current international $)",NY.GDP.PCAP.PP.CD,Argentina,ARG,7184.24255355742,11544.408971054,19649.3528905429,20058.3386388829,20248.7213872191,23514.6670870249,24498.378926706,23535.01275094,22302.1504890016,26086.8023552274,29037.4891215021,29362.6924187322
"GDP per capita, PPP (current international $)",NY.GDP.PCAP.PP.CD,Armenia,ARM,2756.82609874695,2572.73793698691,10153.5556108742,10183.9279276811,11036.7222919191,12605.337955959,13478.7627947124,15729.1496950576,15523.4653938859,16899.0709181676,20445.098880893,23054.6005230691
"GDP per capita, PPP (current international $)",NY.GDP.PCAP.PP.CD,Aruba,ABW,20754.2314588017,30750.4753409995,36763.2090049195,37231.9184954158,37444.4410939295,38697.9495072882,40379.2937237331,40124.7579975465,30437.2025162434,38226.146156979,45236.0212143789,..
"GDP per capita, PPP (current international $)",NY.GDP.PCAP.PP.CD,Australia,AUS,17380.8816876752,26541.6653208437,46914.3867078836,46292.0954391179,47289.2859136343,48418.558421681,50251.3353381469,52746.7182896307,54064.0794661947,57406.1787604549,65365.948511045,69114.7378945066
"GDP per capita, PPP (current international $)",NY.GDP.PCAP.PP.CD,Austria,AUT,19459.1853817091,29379.7422969788,48799.7154676985,49865.9039424185,52684.0171130768,54172.9867888254,56937.944282984,60574.6271030491,58610.8343636691,63421.2035870778,70975.7206346934,73751.35270638
"GDP per capita, PPP (current international $)",NY.GDP.PCAP.PP.CD,Azerbaijan,AZE,5253.928344414,3382.08308668081,17563.6122454385,15075.2726347911,14535.8020210633,14315.929643106,15282.9995232298,16675.3179361558,15163.5703327282,20111.3756952109,22533.4940568508,23685.5386398553
"GDP per capita, PPP (current international $)",NY.GDP.PCAP.PP.CD,"Bahamas, The",BHS,20544.6029580482,25757.8177836368,30771.7047152655,31094.5530793958,31277.8074380874,32982.3139347633,33876.1569503309,34541.7074946553,25459.2185150648,28510.9094889073,33637.5047981819,35554.7994806397
"GDP per capita, PPP (current international $)",NY.GDP.PCAP.PP.CD,Bahrain,BHR,25733.5244425959,39365.2842697284,52272.91246307,46246.3956496833,45591.3982044197,49234.3134430285,50198.6409351387,53712.1485212388,51439.203757741,54351.8360757233,60652.8505008149,63847.8297282665
"GDP per capita, PPP (current international $)",NY.GDP.PCAP.PP.CD,Bangladesh,BGD,980.037863715272,1574.52564660474,4023.54114557771,4253.68769851408,4608.57465239377,4894.44219729247,5484.7635465215,6025.08734934947,6596.04459830619,7366.48997079065,8354.71586776861,9065.69893428451
"GDP per capita, PPP (current international $)",NY.GDP.PCAP.PP.CD,Barbados,BRB,9655.99146889207,13033.8200737761,15636.4318232943,16006.9481094988,16438.835856606,16279.2465280439,16960.2477429223,17459.1512630062,14687.1070358881,14752.3736972313,17892.1892571507,19357.1694428676
"GDP per capita, PPP (current international $)",NY.GDP.PCAP.PP.CD,Belarus,BLR,5226.61888446068,5802.47334124907,19037.8209530599,18133.5696288889,17832.4778855815,18413.7127377197,20026.0306698699,22301.5766886376,24872.3398993711,27611.1801135156,28406.0661481964,30751.4954188551
"GDP per capita, PPP (current international $)",NY.GDP.PCAP.PP.CD,Belgium,BEL,18675.3121947985,27788.0908832256,44929.685593416,46200.904454307,48597.3999826201,50442.2705419624,52530.5620821347,56621.5417607532,55730.9528944011,62123.1613172906,68274.2006418035,70455.9584257956
"GDP per capita, PPP (current international $)",NY.GDP.PCAP.PP.CD,Belize,BLZ,4461.14526139587,7525.90520715514,9340.36211596258,9451.56357394725,9336.41993712102,9086.91190946349,9479.91147437112,10436.3335268005,9540.67114968834,11559.8905984688,13280.5983941845,14195.3136207765
"GDP per capita, PPP (current international $)",NY.GDP.PCAP.PP.CD,Benin,BEN,1220.32647439637,1724.75930486217,2774.85895261323,2832.0041744077,2952.51368290359,2996.13599047432,3075.23586752195,3260.76853616447,3354.17997077466,3575.31148668734,3957.96121240461,4248.31081739622
"GDP per capita, PPP (current international $)",NY.GDP.PCAP.PP.CD,Bermuda,BMU,34873.9453687725,53928.4209146652,70210.3204527187,73879.4858462324,79035.7317939765,85285.2492109229,85861.1911426784,91263.4855956569,85795.3586036336,93555.5174506069,106866.340814807,..
"GDP per capita, PPP (current international $)",NY.GDP.PCAP.PP.CD,Bhutan,BTN,1696.84532704783,3106.57937544221,9141.57706299116,10024.2956119085,11078.9238064299,11649.8320381412,11932.8563344735,12864.7780099884,12434.674518468,13423.4288725475,15021.728993413,..
"GDP per capita, PPP (current international $)",NY.GDP.PCAP.PP.CD,Bolivia,BOL,2294.9393380356,3364.43906775397,7003.24183911139,7103.43175633083,7492.28470943237,8442.58529533443,8876.58471942896,9091.92768943853,8210.7029098091,9342.97184427306,10238.812087808,10726.9988078303
"GDP per capita, PPP (current international $)",NY.GDP.PCAP.PP.CD,Bosnia and Herzegovina,BIH,1031.95485739405,4127.61381175111,11147.5624946393,11825.2094205044,12869.3020733423,13580.8855537693,14800.2103189103,16354.0001369123,16275.2381823462,18396.4690929752,20998.5226347685,22845.5185486781
"GDP per capita, PPP (current international $)",NY.GDP.PCAP.PP.CD,Botswana,BWA,5818.58154027491,8923.46988866842,14417.0132080037,13518.4848638657,15416.5845163403,14817.5712768034,14805.2916256042,14889.8073026521,14208.2701553477,16663.8685441919,18516.1913372997,19383.17259582
"GDP per capita, PPP (current international $)",NY.GDP.PCAP.PP.CD,Brazil,BRA,6618.55156275763,8995.8518938603,15564.8009999636,14567.7060619891,14057.3132470451,14293.6046394285,15165.0631526578,15741.4785048749,15759.0782300803,17672.9168034655,19398.5898133446,20584.4191661579
"GDP per capita, PPP (current international $)",NY.GDP.PCAP.PP.CD,British Virgin Islands,VGB,..,..,..,..,..,..,..,..,..,..,..,..
"GDP per capita, PPP (current international $)",NY.GDP.PCAP.PP.CD,Brunei Darussalam,BRN,55173.3097606057,66220.7722204031,81243.8989995442,62823.1166176378,56889.4103441758,62015.4331166776,65679.4310760955,70087.0385001719,70685.1863107895,79364.0945618203,82893.4043199124,86445.6605268602
"GDP per capita, PPP (current international $)",NY.GDP.PCAP.PP.CD,Bulgaria,BGR,7545.5330564159,6422.79933249027,17615.1088943583,18384.753572458,20064.9079467146,21455.8754961753,23004.3195450884,25526.2811018212,25735.0008544154,29404.9605099327,35463.5549883044,38689.5480749166
"GDP per capita, PPP (current international $)",NY.GDP.PCAP.PP.CD,Burkina Faso,BFA,568.682289195549,899.695717382678,1666.7688641619,1696.95357862597,1887.55372049279,2048.43146169979,2077.95612146683,2233.26155474138,2375.86285194077,2467.74060013055,2620.5076544193,2726.94230998002
"GDP per capita, PPP (current international $)",NY.GDP.PCAP.PP.CD,Burundi,BDI,609.427526352913,532.491554963794,745.402665408479,821.246254708968,795.785995768452,785.233394653441,777.446972175959,804.165344064637,812.055172967895,864.280732749477,917.506035017085,950.879813933229
"GDP per capita, PPP (current international $)",NY.GDP.PCAP.PP.CD,Cabo Verde,CPV,1075.5852883534,3090.85336884928,6020.24331678146,6285.59888736781,6747.31131453452,7204.47444891669,7115.53770190205,7702.92356295124,6053.2701548484,6753.69162981873,8415.15759521377,9086.23353993305
"GDP per capita, PPP (current international $)",NY.GDP.PCAP.PP.CD,Cambodia,KHM,973.630430630709,1077.54758922955,3158.5308202952,3354.61083311422,3631.12852542804,3873.63603175107,4228.76096150781,4620.9633915234,4504.24716032806,4668.23777959985,5202.67772458166,5624.13751533076
"GDP per capita, PPP (current international $)",NY.GDP.PCAP.PP.CD,Cameroon,CMR,2014.36507493286,2083.49106023577,3385.47635257667,3459.78024391909,3587.61611938417,3726.5673899307,3967.52170452195,4195.67017521265,4319.21887053939,4741.76177028658,5122.64439252058,5380.15888999578
"GDP per capita, PPP (current international $)",NY.GDP.PCAP.PP.CD,Canada,CAN,20229.7558681625,29362.0841609786,45758.1007297304,44668.0912814303,46470.6466391111,48317.3874457165,49982.5999118348,50498.9731057448,48590.6832121939,55781.6990272912,62041.5620298406,61582.3499713265
"GDP per capita, PPP (current international $)",NY.GDP.PCAP.PP.CD,Cayman Islands,CYM,..,..,64201.8923849244,64777.5003687093,66571.5635709574,69038.2456979645,72981.7520974634,74008.7646396193,67467.3327871543,76296.9406818273,85167.6720732287,..
"GDP per capita, PPP (current international $)",NY.GDP.PCAP.PP.CD,Central African Republic,CAF,634.235477965086,652.474184934689,673.393560977092,738.556430782503,793.924920784403,847.863933621235,867.392565869771,934.815543219503,1003.1486767262,1057.19439503026,1112.4459862811,1129.98045399934
"GDP per capita, PPP (current international $)",NY.GDP.PCAP.PP.CD,Chad,TCD,713.979864941834,773.745302534528,1697.79972021064,1852.30338294451,1702.25602983866,1626.98040158869,1691.46154747262,1846.97478392739,1623.25784968104,1764.34807562549,1881.9913112268,1969.30313518073
"GDP per capita, PPP (current international $)",NY.GDP.PCAP.PP.CD,Channel Islands,CHI,..,..,..,..,..,..,..,..,..,..,..,..
"GDP per capita, PPP (current international $)",NY.GDP.PCAP.PP.CD,Chile,CHL,4437.0552176745,9468.31876647394,22779.4276703281,22691.4866244485,23492.2878567238,24546.9124213942,25564.5367168945,25824.646525455,25443.2140146182,29050.0807938778,31586.1368981832,33284.4947338649
"GDP per capita, PPP (current international $)",NY.GDP.PCAP.PP.CD,China,CHN,981.509202638102,2917.6021545082,12700.4440173922,13201.6738280782,13882.0280462079,14750.3658330379,16006.9131210004,17262.1759037355,17891.4802869971,20406.7296584605,22499.4426677018,24557.6389534489
"GDP per capita, PPP (current international $)",NY.GDP.PCAP.PP.CD,Colombia,COL,5084.13666191839,6754.29733112748,13323.1690837161,13289.6744891676,13971.3395877313,14334.9146083622,15161.3179744309,16091.4990479231,15427.593780784,17587.2317932888,21055.6630300002,21548.0133685917
"GDP per capita, PPP (current international $)",NY.GDP.PCAP.PP.CD,Comoros,COM,1513.61254216229,1818.24616937157,2924.83151735989,2935.19896242167,3120.16005522135,3325.50387714205,3284.44395494343,3294.28830809778,3245.39958769899,3426.75773437156,3687.62566153082,3854.78878468884
"GDP per capita, PPP (current international $)",NY.GDP.PCAP.PP.CD,"Congo, Dem. Rep.",COD,848.174728717402,432.752680679359,829.650776911778,885.124442844181,942.300277661143,1036.58835774482,1105.62884710845,1206.79811331271,1174.38586818797,1358.2047169909,1533.74387797539,1670.84721852628
"GDP per capita, PPP (current international $)",NY.GDP.PCAP.PP.CD,"Congo, Rep.",COG,3429.72617609468,3687.68679156273,5769.14806736445,4746.04011241499,4043.70013817739,4476.99360198666,5636.42558854992,5766.7549235887,4813.31562649405,6323.71757921482,6713.96363730791,6932.93820935238
"GDP per capita, PPP (current international $)",NY.GDP.PCAP.PP.CD,Costa Rica,CRI,4962.53762459969,7797.39199482597,16132.6578757111,17248.7473968748,18898.075223414,20168.2204811346,21144.4097740325,22949.5286593344,21716.8702432685,23700.2961313917,26181.1420172139,27952.4766235187
"GDP per capita, PPP (current international $)",NY.GDP.PCAP.PP.CD,Cote d'Ivoire,CIV,2756.50628292481,3203.34658837138,4345.61667514674,4711.49284430112,4862.918019013,5046.04768918974,5327.8249854095,5947.92408892987,5978.82274140233,6520.73116025072,7234.22669294199,7790.85551957628
"GDP per capita, PPP (current international $)",NY.GDP.PCAP.PP.CD,Croatia,HRV,9521.39115857021,10669.378422767,22463.1824497922,23460.5665307537,25427.6271843349,27391.1087844882,29156.3432264816,32329.560497984,30688.8084534107,37232.5957719881,42399.122264753,45909.6344841758
"GDP per capita, PPP (current international $)",NY.GDP.PCAP.PP.CD,Cuba,CUB,..,..,..,..,..,..,..,..,..,..,..,..
"GDP per capita, PPP (current international $)",NY.GDP.PCAP.PP.CD,Curacao,CUW,..,21891.0453557033,24347.7604866101,24037.6486252583,23649.5914937775,24321.7467432044,24623.0413085512,25396.9967729561,21797.0190515902,25163.9934463262,29523.5250828064,..
"GDP per capita, PPP (current international $)",NY.GDP.PCAP.PP.CD,Cyprus,CYP,13339.1875,21291.26171875,30168.916015625,31920.009765625,35877.1015625,38411.4140625,40673.7265625,44685.13671875,42796.03515625,48466.84375,53776.30859375,57100.46484375
"GDP per capita, PPP (current international $)",NY.GDP.PCAP.PP.CD,Czechia,CZE,12716.1323543506,16237.5425544554,32502.4753540118,33899.2865661657,36097.7052556977,38824.8879170919,41143.8270486711,44859.8005632951,43922.5309787058,48418.1157871868,51701.9491417036,53816.8033895232
"GDP per capita, PPP (current international $)",NY.GDP.PCAP.PP.CD,Denmark,DNK,18231.3133594948,28661.7641564157,47901.4473627066,49045.3391904109,51976.0057060956,55356.680780178,57482.9623999067,60787.4633578269,62529.2510567035,69878.9348117258,77953.6786613124,76687.9028437306
"GDP per capita, PPP (current international $)",NY.GDP.PCAP.PP.CD,Djibouti,DJI,..,..,4022.34716764782,4323.51588116665,4493.89514097656,4742.38848219302,5153.71653878232,5471.96329378911,5676.30593432082,6032.27795593735,6606.38768036254,7204.04843559721
"GDP per capita, PPP (current international $)",NY.GDP.PCAP.PP.CD,Dominica,DMA,4352.66377921613,6633.89110444413,11147.7032768502,11277.2300802352,12092.7633650252,11435.6949486632,12809.7115133628,14451.5379197565,12743.8638868643,14472.2858615339,16283.1640307333,17598.643617954
"GDP per capita, PPP (current international $)",NY.GDP.PCAP.PP.CD,Dominican Republic,DOM,3666.98522959894,6698.34689822214,13541.934574175,14886.7790069705,16351.8344846397,17075.245954814,18141.3382631418,19743.4004485754,19085.353617949,21923.3019358073,24363.8933746855,25610.5118658401
"GDP per capita, PPP (current international $)",NY.GDP.PCAP.PP.CD,Ecuador,ECU,4642.11779650472,5756.69707976241,11892.814346055,10924.9822041781,10924.8797727219,11837.6780699391,12211.1465153052,12540.3251223126,11498.9288660314,13452.0087723253,15117.2706302795,15870.2617020335
"GDP per capita, PPP (current international $)",NY.GDP.PCAP.PP.CD,"Egypt, Arab Rep.",EGY,3639.70470983815,5582.27567096494,10464.1924134677,11112.3736247025,10864.5381900455,11333.1184260928,12559.9651691847,13608.499714576,15494.0788227574,15820.6713809388,17769.2237397576,18816.5055922135
"GDP per capita, PPP (current international $)",NY.GDP.PCAP.PP.CD,El Salvador,SLV,2873.65940954287,4411.22585893139,7447.4337629305,7873.39741623976,8388.36904651054,8889.22278795422,9120.85802979388,9666.80207886866,9306.03030181976,10709.7595787161,11743.437328033,12542.3090140573
"GDP per capita, PPP (current international $)",NY.GDP.PCAP.PP.CD,Equatorial Guinea,GNQ,588.21662866334,7618.65966268624,29373.0737975329,21025.3148444366,17949.8331646215,19854.2299396359,19814.6367191302,17692.2997791637,14709.023755495,18100.9139254871,19610.1765445258,18723.6470838212
"GDP per capita, PPP (current international $)",NY.GDP.PCAP.PP.CD,Eritrea,ERI,..,1462.92134246555,..,..,..,..,..,..,..,..,..,..
"GDP per capita, PPP (current international $)",NY.GDP.PCAP.PP.CD,Estonia,EST,7475.93117166929,9422.49706491914,28945.4653303277,29175.9259267894,31312.7522996878,33821.93290847,36410.1220937377,39843.6402328351,40045.3846936572,44651.9992190266,47941.6791341862,48992.1409511815
"GDP per capita, PPP (current international $)",NY.GDP.PCAP.PP.CD,Eswatini,SWZ,3384.95545142832,4602.45336889423,8715.03126827338,8792.21472800701,8750.87772658919,8519.58438570808,8640.08359794294,9083.43786086594,9077.23198020908,10202.5096087228,10887.0038688932,11740.8152773294
"GDP per capita, PPP (current international $)",NY.GDP.PCAP.PP.CD,Ethiopia,ETH,414.689480677627,476.587208516879,1505.00533786592,1654.8476332229,1882.68715409659,2031.95729962118,2124.25462192979,2274.21413875756,2442.25248371938,2628.34346412648,2888.7364917158,3109.2765123205
"GDP per capita, PPP (current international $)",NY.GDP.PCAP.PP.CD,Faroe Islands,FRO,..,..,53103.2311011977,53730.2196464375,54277.5977228017,56360.0740444728,58980.5509315769,62357.0860184571,61642.7075935007,68124.1857028549,76566.459746262,..
"GDP per capita, PPP (current international $)",NY.GDP.PCAP.PP.CD,Fiji,FJI,3917.78245501698,5680.22109327028,10735.7213817766,11751.3716794936,11994.9381962617,12815.9367055274,13199.7841216669,13168.3711793691,11168.6398967741,10593.9127333652,13534.1943091376,15046.4668270452
"GDP per capita, PPP (current international $)",NY.GDP.PCAP.PP.CD,Finland,FIN,18133.7699926998,26788.1090073235,41757.4021894413,42497.7049785783,44934.4482077785,47570.133583848,49579.3310008278,52569.8000550589,53668.8190916817,57788.9034581748,62599.0055596323,65060.674161832
"GDP per capita, PPP (current international $)",NY.GDP.PCAP.PP.CD,France,FRA,17697.5748941508,26090.1387960261,40144.0268283679,40849.9973780501,42924.613626021,44577.0645745394,46537.4740442591,51240.0683019805,49494.2900844931,53834.7992971017,57594.0340179208,61156.7728192566
"GDP per capita, PPP (current international $)",NY.GDP.PCAP.PP.CD,French Polynesia,PYF,..,..,..,..,..,..,..,..,..,..,..,..
"GDP per capita, PPP (current international $)",NY.GDP.PCAP.PP.CD,Gabon,GAB,11960.6081752816,13353.7232088764,14940.8514300675,14394.3948115916,14092.3415059674,14911.9823513268,15574.999874139,16126.8638637936,14639.9194678555,19552.3625334643,21118.8670533531,21946.990852956
"GDP per capita, PPP (current international $)",NY.GDP.PCAP.PP.CD,"Gambia, The",GMB,1428.39604662597,1752.4692656538,1912.06879905934,1965.04877164457,1983.63380561316,2005.56544163883,2235.26025867199,2371.49204095162,2473.51976795401,2710.5524630967,2969.75720023217,3162.50679759518
"GDP per capita, PPP (current international $)",NY.GDP.PCAP.PP.CD,Georgia,GEO,5835.58091309738,3161.1958249061,11770.6989360253,12269.6528932768,13065.294157468,13718.9378669764,15021.9057577433,16770.1333771469,16791.2598654465,18915.6534005263,22442.7867177574,24681.2505951416
"GDP per capita, PPP (current international $)",NY.GDP.PCAP.PP.CD,Germany,DEU,19449.7602223898,27202.4760848567,47011.5510935131,47609.7810045816,50579.6839299266,53071.4555699913,55195.8405428372,58251.7730828469,57905.1795514844,61939.6515850137,66616.022245056,69338.2932264467
"GDP per capita, PPP (current international $)",NY.GDP.PCAP.PP.CD,Ghana,GHA,1575.29528279202,2311.83279252132,5486.84899656579,5159.92645247502,4977.58186391315,5134.36177163033,5494.70050421266,5952.40365708652,5992.31759032306,6544.2381999688,7132.78365344688,7466.36688860441
"GDP per capita, PPP (current international $)",NY.GDP.PCAP.PP.CD,Gibraltar,GIB,..,..,..,..,..,..,..,..,..,..,..,..
"GDP per capita, PPP (current international $)",NY.GDP.PCAP.PP.CD,Greece,GRC,13302.5725559691,19518.6743098678,26625.0618096799,26760.3633030256,27511.8010160972,28604.8609402657,29617.5483399732,31611.2114428141,29088.2080577757,33018.2544152866,38922.4742252972,41186.8122027894
"GDP per capita, PPP (current international $)",NY.GDP.PCAP.PP.CD,Greenland,GRL,20472.4556677026,29608.2550745297,56555.0690665195,55815.6502885504,58908.5907739768,60010.0982907298,61806.8271308174,64264.0564607393,64857.6287053798,68086.4601238175,..,..
"GDP per capita, PPP (current international $)",NY.GDP.PCAP.PP.CD,Grenada,GRD,4594.78575793943,7307.01662363549,11830.604428012,12736.3896678897,13414.0524676699,14359.4181483361,15168.8917655699,15542.4915644035,13510.8144166129,14325.5548482263,16348.1702151483,17654.0976880677
"GDP per capita, PPP (current international $)",NY.GDP.PCAP.PP.CD,Guam,GUM,..,..,..,..,..,..,..,..,..,..,..,..
"GDP per capita, PPP (current international $)",NY.GDP.PCAP.PP.CD,Guatemala,GTM,3320.27328228908,4758.83465637152,8438.67412403139,9166.04027168104,9457.84374842149,9845.38477261987,10250.2744897017,11079.6273122238,11270.7823303107,12106.4225430833,13299.602345272,14066.5117902708
"GDP per capita, PPP (current international $)",NY.GDP.PCAP.PP.CD,Guinea,GIN,881.73845524278,1208.98269863361,1896.28093846842,1953.09616144412,2282.17719048128,2718.8968757141,2878.42829583844,3143.64688288845,3395.0948789629,3735.0898272933,4087.09175183878,4429.34356555152
"GDP per capita, PPP (current international $)",NY.GDP.PCAP.PP.CD,Guinea-Bissau,GNB,824.202136467872,1017.17972158021,1454.08168412808,1727.56176937492,1821.72885100992,2078.7629556089,2054.99010915596,2089.86361634494,2083.84042104391,2278.02339468524,2486.71754644042,2630.29254019462
"GDP per capita, PPP (current international $)",NY.GDP.PCAP.PP.CD,Guyana,GUY,3032.84475950296,5904.54757566227,11191.2345886479,11465.1361802886,11584.0592522873,12327.0682002902,12538.2137444404,13388.7060787131,17036.2899236041,23176.1332006217,40337.5990146522,55262.524834363
"GDP per capita, PPP (current international $)",NY.GDP.PCAP.PP.CD,Haiti,HTI,2179.68500871303,2213.28769257663,3064.06936308325,3014.22968453761,3240.59861861531,3325.3135788346,3182.44142668405,3220.94295667871,3085.90305009457,3114.96354203089,3239.31900476468,3255.53774561512
"GDP per capita, PPP (current international $)",NY.GDP.PCAP.PP.CD,Honduras,HND,2010.33126484714,2556.73444804369,4428.43192139492,4815.77502688247,5159.61750851391,5598.05654635511,5617.48319783953,5776.10368756323,5383.56890052537,6209.94034964984,6820.08724530813,7210.68927751264
"GDP per capita, PPP (current international $)",NY.GDP.PCAP.PP.CD,"Hong Kong SAR, China",HKG,18251.7402672451,28224.5271383299,54514.9268059819,56043.042695697,56761.4824132224,59260.9131761938,60900.2752924537,61221.4195400701,58187.4764072535,65884.9376260603,68547.6394666321,71481.5681306247
"GDP per capita, PPP (current international $)",NY.GDP.PCAP.PP.CD,Hungary,HUN,9133.14136655364,11854.683416267,25691.5272556351,26798.8541676269,27941.9268571832,29496.1636824744,31908.863454349,35152.6036961244,35029.9132233256,38647.9980847097,43577.8871406067,45942.1694906822
"GDP per capita, PPP (current international $)",NY.GDP.PCAP.PP.CD,Iceland,ISL,21970.4423468401,29782.8738104215,45996.9687476901,49201.0640964553,53480.3971946764,55638.4920591796,57197.7676247173,60523.8179440827,55796.7454667634,61966.416772296,73471.4997030161,77567.1918125746
"GDP per capita, PPP (current international $)",NY.GDP.PCAP.PP.CD,India,IND,1204.35247266278,2087.48205611449,5211.57032148735,5446.18876600773,5823.48154201989,6169.49991773557,6742.70791317792,7181.52265434956,6997.35839326271,8087.9938026769,9199.56773871747,10175.767974032
"GDP per capita, PPP (current international $)",NY.GDP.PCAP.PP.CD,Indonesia,IDN,3070.26455449366,4682.49661632627,10168.6760599231,10132.3160820285,10371.4423255308,10802.7126044355,11494.9448505557,12115.7020653839,11856.9433255703,12897.1031444698,14445.6431557921,15612.799123652
"GDP per capita, PPP (current international $)",NY.GDP.PCAP.PP.CD,"Iran, Islamic Rep.",IRN,7592.80293703797,10872.4735564886,15704.9164160443,13828.4385744264,14661.8394415995,15163.292311303,14926.3067104701,13423.5763123467,14180.3533093139,15042.3741124724,16591.2645722543,17921.6642684608
"GDP per capita, PPP (current international $)",NY.GDP.PCAP.PP.CD,Iraq,IRQ,..,10539.8345435235,13097.8544982744,9285.69508851384,9025.56885657337,10118.6581530544,11938.0220253228,12139.1567751107,10464.5116333559,12596.5264858209,14199.6073618433,13968.5741651209
"GDP per capita, PPP (current international $)",NY.GDP.PCAP.PP.CD,Ireland,IRL,13733.7469940774,30209.4656208159,51238.8003290093,69214.4219991568,71410.3692705502,78168.9677375394,84918.3383814459,90940.6347639116,97066.70605002,114120.544516392,133822.758723223,127623.394432086
"GDP per capita, PPP (current international $)",NY.GDP.PCAP.PP.CD,Isle of Man,IMN,..,..,..,..,..,..,..,..,..,..,..,..
"GDP per capita, PPP (current international $)",NY.GDP.PCAP.PP.CD,Israel,ISR,15606.9797846292,25693.171124764,34740.3109095722,35864.2730015837,38208.3562401672,39448.1391458162,40231.9052581114,41513.4515105228,41204.4777075001,46126.6423137421,52133.609324755,53433.9963916065
"GDP per capita, PPP (current international $)",NY.GDP.PCAP.PP.CD,Italy,ITA,18624.951803873,27075.8505542609,36194.873918843,36899.3852092463,39926.9546628592,41581.120790548,43036.2437770367,46470.0373265754,44202.235576921,49901.6121367429,55908.2554692923,58754.9078778721
"GDP per capita, PPP (current international $)",NY.GDP.PCAP.PP.CD,Jamaica,JAM,4816.60201471072,6452.69501069845,8761.68464672396,9011.58696993683,9423.47127562932,9846.04140747926,10064.7663836261,10117.5641663477,9024.00660330349,9610.98933709822,10826.0934631064,11475.0057352718
"GDP per capita, PPP (current international $)",NY.GDP.PCAP.PP.CD,Japan,JPN,19912.5166053416,27287.2701912718,39555.4120089198,40898.80697396,40596.9686628994,41444.2157443914,42141.9352987759,42678.1511448355,42438.44646009,44549.3383411434,47118.3882748258,50206.6091580009
"GDP per capita, PPP (current international $)",NY.GDP.PCAP.PP.CD,Jordan,JOR,4492.44964124579,6009.66472712094,9285.87606712926,9014.75990026486,8784.49630736781,9282.60808622535,9044.50802692931,9405.42015951739,9523.5481711861,9115.01951145213,9871.87515275746,10451.9125884746
"GDP per capita, PPP (current international $)",NY.GDP.PCAP.PP.CD,Kazakhstan,KAZ,8262.43181033117,7725.95482729905,24689.8155192184,23178.2224017078,23760.0010028981,24789.3013673466,25997.2860859748,29767.6280009312,30164.6035184117,33893.8954572043,36595.4066927801,39332.4700204154
"GDP per capita, PPP (current international $)",NY.GDP.PCAP.PP.CD,Kenya,KEN,1709.14401701795,1893.99747443147,3375.58456757834,3696.9360748719,3936.68976219253,4198.5533558741,4433.97532289365,4710.50373969069,4813.92013999517,5360.36190289931,5902.09197391186,6323.53360078914
"GDP per capita, PPP (current international $)",NY.GDP.PCAP.PP.CD,Kiribati,KIR,1189.34880638199,1630.24639373059,2085.00435786268,2310.50465625674,2462.8549349865,2555.98154144754,2662.07455949841,2751.8200827286,2721.61334410307,3036.41513633922,3314.93574684645,3521.74542032784
"GDP per capita, PPP (current international $)",NY.GDP.PCAP.PP.CD,"Korea, Dem. People's Rep.",PRK,..,..,..,..,..,..,..,..,..,..,..,..
"GDP per capita, PPP (current international $)",NY.GDP.PCAP.PP.CD,"Korea, Rep.",KOR,8355.3327739747,18538.8355325592,35324.4976704773,37902.4004037578,39575.4542830031,40957.4180587145,43044.2917633371,43865.0416366745,45142.7634505403,48571.4322096427,51621.9292633937,54033.1599772519
"GDP per capita, PPP (current international $)",NY.GDP.PCAP.PP.CD,Kosovo,XKX,..,..,8200.55110780991,8715.29980294971,9157.10297369035,9381.02387791997,10018.7442830755,10861.1321032283,10532.6113748788,12362.7048078625,13939.4565030427,15029.3490980354
"GDP per capita, PPP (current international $)",NY.GDP.PCAP.PP.CD,Kuwait,KWT,30944.5813972289,59303.8848490354,66597.8744357974,44408.3544436242,41407.2735899483,46903.1777496813,51281.3845373537,49939.1247751688,40509.3983518628,49668.9974729809,56181.7077010232,56386.2943252867
"GDP per capita, PPP (current international $)",NY.GDP.PCAP.PP.CD,Kyrgyz Republic,KGZ,2543.76216440847,1861.8511534459,4279.16679979308,4211.34227261594,4676.33388651462,5040.42958650705,4869.58849242256,5414.32715295984,5294.01574693325,5802.38897216037,6572.38276138415,7102.76721945698
"GDP per capita, PPP (current international $)",NY.GDP.PCAP.PP.CD,Lao PDR,LAO,1011.43099801369,1794.00440873921,5808.65864381182,6098.82331576388,6760.0741248906,7162.55278061592,7511.14175799296,7770.68624748182,7942.7225987312,8111.05606707263,8793.55755077116,9326.27219374719
"GDP per capita, PPP (current international $)",NY.GDP.PCAP.PP.CD,Latvia,LVA,7688.21826365764,8040.50904846532,23815.6086023522,24972.8362766881,26721.8364985868,28673.6225736307,30877.0419264805,33294.5077885749,33733.0651257205,36777.8928459839,41106.5270657149,42501.0278820495
"GDP per capita, PPP (current international $)",NY.GDP.PCAP.PP.CD,Lebanon,LBN,2991.56344002401,7953.93664273394,16326.7417898764,17241.7694538102,19135.6092514966,21138.4053309102,22108.4420665639,21758.1032525002,16373.0479861557,11860.0586252712,12852.6660201154,..
"GDP per capita, PPP (current international $)",NY.GDP.PCAP.PP.CD,Lesotho,LSO,768.601319146059,1276.28916872867,2751.20304749485,3014.72173672698,2923.72318781704,2602.52220835694,2615.0259222894,2549.53527670624,2537.79208168464,2516.97775280919,2699.99094132178,2793.86231166763
"GDP per capita, PPP (current international $)",NY.GDP.PCAP.PP.CD,Liberia,LBR,791.486152273259,976.363501957873,1432.86743198916,1354.12155760745,1506.01505243553,1683.09643341727,1820.09567884422,1921.78608911742,1679.70544875837,1558.74224920002,1712.68324651079,1819.04766980847
"GDP per capita, PPP (current international $)",NY.GDP.PCAP.PP.CD,Libya,LBY,18016.6703430697,21217.8454764407,18455.6424497803,18885.0764267029,17905.7779395489,19044.8767457177,19961.3460462631,17835.2800156724,16261.8790227937,18171.5229650604,19487.9010161056,19641.1439456209
"GDP per capita, PPP (current international $)",NY.GDP.PCAP.PP.CD,Liechtenstein,LIE,..,..,..,..,..,..,..,..,..,..,..,..
"GDP per capita, PPP (current international $)",NY.GDP.PCAP.PP.CD,Lithuania,LTU,8885.83926419951,8446.92767760874,28184.2813023168,28834.5570242411,30925.2413840761,33761.9475000677,36376.5278839032,40577.8037367455,41168.2149817792,46410.0676392912,50997.2789710271,51877.0065192769
"GDP per capita, PPP (current international $)",NY.GDP.PCAP.PP.CD,Luxembourg,LUX,29929.0521561855,55124.2922512694,105296.284588232,107859.685999308,113365.176082265,114985.842235989,116498.512080919,121403.823719046,122114.101599326,137947.34385169,146457.020543986,143341.473124645
"GDP per capita, PPP (current international $)",NY.GDP.PCAP.PP.CD,"Macao SAR, China",MAC,26722.2566134536,34588.441975549,149325.171801762,113813.739005369,112351.277234359,122838.382786163,131302.826338343,127747.219110728,57992.2133399872,73734.0816117443,61270.1242181986,113183.163045693
"GDP per capita, PPP (current international $)",NY.GDP.PCAP.PP.CD,Madagascar,MDG,1182.78193237533,1258.64201524972,1532.78107137994,1531.28787865489,1598.13667621734,1583.45919949684,1583.94828406159,1652.49342031181,1528.78241137715,1642.30416221094,1781.78281175187,1875.11367170395
"GDP per capita, PPP (current international $)",NY.GDP.PCAP.PP.CD,Malawi,MWI,671.938937373154,981.820023295275,1518.66973047385,1415.23139400952,1422.28023767727,1392.47080836583,1375.89008049018,1465.55046880457,1560.96134713407,1728.82539847128,1820.4522326777,1867.67384372705
"GDP per capita, PPP (current international $)",NY.GDP.PCAP.PP.CD,Malaysia,MYS,7010.91097458662,13040.1421226118,24377.7401948852,24655.8317125486,25496.9751341353,26729.3847379976,28232.5235110203,29495.4035170304,28045.3873552765,30456.0928951741,35040.3100931894,37247.7011006116
"GDP per capita, PPP (current international $)",NY.GDP.PCAP.PP.CD,Maldives,MDV,4527.44001650463,8518.65640286675,16580.7520902505,17570.2740526043,18317.304475896,19175.6167143131,21154.5255046562,22309.797480574,13103.8505149903,18865.719302223,22900.0588170747,24808.7077686067
"GDP per capita, PPP (current international $)",NY.GDP.PCAP.PP.CD,Mali,MLI,758.943867939815,1103.87932844837,1886.42361514188,2011.57450958182,2176.5653522551,2244.56072077058,2307.1668334243,2437.55803624467,2351.28960633963,2399.46153474407,2576.65910461572,2725.95585912297
"GDP per capita, PPP (current international $)",NY.GDP.PCAP.PP.CD,Malta,MLT,10108.6006302847,18357.8888859611,34341.58204453,37452.4665202781,39704.3288883898,43489.3514954462,45871.3369752927,50327.6845543888,46466.9299634322,53492.204848471,59284.2655741431,62445.6814904198
"GDP per capita, PPP (current international $)",NY.GDP.PCAP.PP.CD,Marshall Islands,MHL,2042.00273580899,2333.44885043135,3872.87883773876,4072.42492446398,4293.20810893501,4642.97349504317,5148.83441583383,5940.40051049616,6024.68032040802,6577.48917742177,7073.96819967252,7491.38614955985
"GDP per capita, PPP (current international $)",NY.GDP.PCAP.PP.CD,Mauritania,MRT,2014.40694991048,2233.94786969527,3870.513111604,3997.50773416599,4722.88224669004,5418.15836495085,5514.37306195803,5717.44904026701,5870.29980470235,5988.20355101133,6644.77519950536,6934.27792752444
"GDP per capita, PPP (current international $)",NY.GDP.PCAP.PP.CD,Mauritius,MUS,5008.0694682761,9139.7036706353,19066.4430517664,20011.3333068005,21670.4566005949,22595.7290817609,23068.2409674878,24027.1189308354,21326.224396378,22737.5729410543,26579.75609218,29498.4705238746
"GDP per capita, PPP (current international $)",NY.GDP.PCAP.PP.CD,Mexico,MEX,8693.60062033878,11794.3236037342,18983.778991974,19217.8587938152,20225.7102413024,20582.2523670259,21015.9257539431,21095.7136967365,19473.0884906874,21131.9157582539,23859.1256428872,25601.6255471097
"GDP per capita, PPP (current international $)",NY.GDP.PCAP.PP.CD,"Micronesia, Fed. Sts.",FSM,1727.72661588636,2390.99949144857,3160.58852531316,3324.0004955836,3357.63164966645,3430.13177398928,3492.92883300242,3681.58457039967,3633.34718181514,3870.93240380237,4074.04063796399,4216.5073799144
"GDP per capita, PPP (current international $)",NY.GDP.PCAP.PP.CD,Moldova,MDA,6922.25469986185,3044.67050577829,8643.06431435343,9197.61838204272,10325.8404896126,11252.1135465283,11868.1955463223,13413.2232935126,13527.4413130967,15682.0703284653,16301.7656869971,17384.3768896227
"GDP per capita, PPP (current international $)",NY.GDP.PCAP.PP.CD,Monaco,MCO,..,..,..,..,..,..,..,..,..,..,..,..
"GDP per capita, PPP (current international $)",NY.GDP.PCAP.PP.CD,Mongolia,MNG,3378.32130068155,3644.05970582405,11126.6221730274,10677.4165423569,10717.1346208393,11285.5822800997,12489.5461562512,13753.3132529533,13829.8025629998,14951.1365679904,16559.0745333008,18108.0035496665
"GDP per capita, PPP (current international $)",NY.GDP.PCAP.PP.CD,Montenegro,MNE,..,6002.57309261823,15370.047327501,16331.6473335012,18198.6324412468,19680.4258268372,21511.8986481224,24139.8157053189,21003.781959125,24509.936480946,28319.5889461379,31216.3797861973
"GDP per capita, PPP (current international $)",NY.GDP.PCAP.PP.CD,Morocco,MAR,2755.0283203125,3912.57788085938,7227.0126953125,7781.69189453125,7833.41552734375,8095.3681640625,7780.99169921875,8024.4052734375,7681.83544921875,8581.330078125,9205.3359375,9743.30859375
"GDP per capita, PPP (current international $)",NY.GDP.PCAP.PP.CD,Mozambique,MOZ,291.389420281546,481.560149035121,1154.62478831396,1303.37153859162,1361.21218696968,1264.65306205562,1307.33059592616,1370.39867945741,1393.75678141374,1440.4596813034,1565.54923286483,1657.10971675131
"GDP per capita, PPP (current international $)",NY.GDP.PCAP.PP.CD,Myanmar,MMR,437.997907773435,943.59204314046,4342.90057606584,4424.49142568454,4425.45213314177,4671.02259456998,5539.54752575905,6055.41690613211,5697.28803845981,5138.88724952007,5682.54133241238,5905.24311968839
"GDP per capita, PPP (current international $)",NY.GDP.PCAP.PP.CD,Namibia,NAM,3876.29704134948,5127.22162666302,10684.8081315768,10885.8474459275,10708.8001676786,10483.0846293315,10556.8062546387,10410.1305312869,10254.7984119687,10785.0834347808,11987.4130269868,12756.5416326288
"GDP per capita, PPP (current international $)",NY.GDP.PCAP.PP.CD,Nauru,NRU,11676.6328424618,4109.29934017942,9549.92486046369,9749.7313293235,10023.2693449708,9354.58065629181,9295.23494286943,10083.1670103566,10223.009565965,11340.0401589701,12246.7927672905,12670.5538492255
"GDP per capita, PPP (current international $)",NY.GDP.PCAP.PP.CD,Nepal,NPL,825.665383231868,1316.13285868664,2923.4105803964,2980.15230230976,2986.19567628825,3582.68767862056,3896.8629114633,4198.84064499886,4180.43698458006,4461.46878467812,4959.88346472493,5181.84167429648
"GDP per capita, PPP (current international $)",NY.GDP.PCAP.PP.CD,Netherlands,NLD,19162.0271171505,31874.8780479427,49233.2153954401,50288.5913949377,52288.4150841353,55088.6338006744,57826.6284976675,61089.5834206486,61068.4058621127,67693.3264311302,74541.7992402552,78215.0663038601
"GDP per capita, PPP (current international $)",NY.GDP.PCAP.PP.CD,New Caledonia,NCL,..,..,..,..,..,..,..,..,..,..,..,..
"GDP per capita, PPP (current international $)",NY.GDP.PCAP.PP.CD,New Zealand,NZL,14871.4551034056,21500.6292898099,37297.8134848978,37488.0496359613,39946.2344308563,42206.923421304,42499.3779260836,45163.6964269884,45283.4680496217,48194.0410599758,52327.6991246007,54109.8009972684
"GDP per capita, PPP (current international $)",NY.GDP.PCAP.PP.CD,Nicaragua,NIC,1948.01242135141,2751.14367885396,4951.68867450282,5319.83188779857,5738.23682974353,6067.52953852853,5779.70699947814,5819.31518544463,6075.55881396054,6873.73117748359,7526.2903841613,8043.73711482076
"GDP per capita, PPP (current international $)",NY.GDP.PCAP.PP.CD,Niger,NER,731.639837960689,756.848942451152,1151.96688072261,1161.20686678293,1175.15058079445,1191.33514588339,1254.01179551936,1389.16425492127,1458.93993429819,1538.4707469366,1775.59654427621,1817.337952963
"GDP per capita, PPP (current international $)",NY.GDP.PCAP.PP.CD,Nigeria,NGA,2057.01740051124,2293.12448292984,5442.99261090234,5377.74783605583,5202.73156053697,5171.43264455052,5251.02823057722,5525.44378417473,5499.38469057011,5623.66407810605,6069.18710905828,6318.15923280436
"GDP per capita, PPP (current international $)",NY.GDP.PCAP.PP.CD,North Macedonia,MKD,5397.57834442444,6152.61460584251,14484.0881710509,15033.1263586648,16456.9284185676,17159.4748808208,18459.2495759732,20221.8115696501,19961.3898708919,22371.4967909767,24179.5724424566,24872.740929988
"GDP per capita, PPP (current international $)",NY.GDP.PCAP.PP.CD,Northern Mariana Islands,MNP,..,..,..,..,..,..,..,..,..,..,..,..
"GDP per capita, PPP (current international $)",NY.GDP.PCAP.PP.CD,Norway,NOR,18448.5526448846,36986.4941984639,66332.4614374198,60737.8868132779,59280.1992028829,64589.5559196863,70253.8463693386,70939.6055180362,67110.60457055,89209.1397773603,124252.832594829,104459.811922794
"GDP per capita, PPP (current international $)",NY.GDP.PCAP.PP.CD,Oman,OMN,26299.1361235243,39585.9796033157,44160.497599677,35998.9754101817,33279.3463850534,33586.5000995128,37753.3985882652,37157.3220419116,35001.5146768044,38930.9938379577,42938.4445742882,44421.1979600311
"GDP per capita, PPP (current international $)",NY.GDP.PCAP.PP.CD,Pakistan,PAK,1907.43926599447,2573.66112840912,4437.52319639562,4614.5118831069,4774.17052066566,4942.1411951147,5142.47533162512,5206.90716506548,5221.43854530392,5554.58570149625,6112.3247203395,6212.03759474523
"GDP per capita, PPP (current international $)",NY.GDP.PCAP.PP.CD,Palau,PLW,9582.89738828175,9908.57843300101,16251.7817731186,18003.6223715192,18312.4568247799,17959.4305493989,18459.2989096665,18884.8678181437,17631.0702344982,15781.9790485702,16803.0900621379,17490.7523416317
"GDP per capita, PPP (current international $)",NY.GDP.PCAP.PP.CD,Panama,PAN,5268.20968073632,8746.25168951849,24545.034143925,27409.2431166347,30427.0940939236,33628.2268409548,32473.0815202922,33229.4960261777,27022.6390129774,30895.8322499594,36169.586210703,39695.0819584697
"GDP per capita, PPP (current international $)",NY.GDP.PCAP.PP.CD,Papua New Guinea,PNG,1717.1212562522,2207.42619039332,3524.06140211097,3695.55232922781,3839.50849582169,3950.6834324208,3937.27734898187,4089.25558659817,3926.78132071762,3992.94122087936,4409.23263064593,4607.38149706558
"GDP per capita, PPP (current international $)",NY.GDP.PCAP.PP.CD,Paraguay,PRY,5604.22708018275,6906.10318986937,12563.7909365412,12640.3776225811,13291.9381018171,13940.51795585,14104.1015852733,14117.1650851672,14276.5455735658,15361.0847494949,16284.6953009672,17465.8609710395
"GDP per capita, PPP (current international $)",NY.GDP.PCAP.PP.CD,Peru,PER,3352.29319103542,5001.39518579328,11427.38118528,11504.3479860703,11963.3384420608,12479.9639966102,12953.8175500027,13408.3532412789,12387.4513459058,15028.6277005836,16363.0863943113,16717.3831036941
"GDP per capita, PPP (current international $)",NY.GDP.PCAP.PP.CD,Philippines,PHL,2662.86144104776,3437.53240956831,6849.93768632247,7046.94039298665,7513.63369833791,7874.3911828494,8426.75332334853,8958.3710638251,8230.31161428208,8797.16871184371,9983.28775298405,10755.49885154
"GDP per capita, PPP (current international $)",NY.GDP.PCAP.PP.CD,Poland,POL,6180.98568849563,10673.4777116381,25316.3315445949,26822.6642478406,28165.8365529133,29958.1207092074,32027.6027335558,35487.9109958983,36322.0437578784,40462.6887122126,46720.5730143067,49463.9911694249
"GDP per capita, PPP (current international $)",NY.GDP.PCAP.PP.CD,Portugal,PRT,11771.9163246906,18879.0582089447,28742.4403783509,29660.8960672526,31607.7542431733,33044.7167387479,34928.5435337746,37845.2099689668,35874.7807325535,38783.0115625218,44484.2972515757,48758.8570221636
"GDP per capita, PPP (current international $)",NY.GDP.PCAP.PP.CD,Puerto Rico,PRI,13409.9369263125,22938.0302340157,32850.5417604204,32899.9421549518,32944.0235909988,32686.4615893529,34733.9955529873,37453.788413823,36858.9791794027,40559.6985749875,45559.2045428152,47699.5615398334
"GDP per capita, PPP (current international $)",NY.GDP.PCAP.PP.CD,Qatar,QAT,55469.8105946635,88718.2296374212,144186.303810531,99572.3884065452,85843.6010323655,93278.5041351007,102635.587458861,101046.810986324,83154.1479218008,108865.137778278,121124.663445707,..
"GDP per capita, PPP (current international $)",NY.GDP.PCAP.PP.CD,Romania,ROU,5276.71695807194,5848.84514760676,20630.6778229397,21622.8722956901,23903.8302038752,26940.7545598525,29566.0604641138,33549.3910967414,34293.1685103865,37969.1538938334,42973.1896552762,47903.341148649
"GDP per capita, PPP (current international $)",NY.GDP.PCAP.PP.CD,Russian Federation,RUS,8027.7890625,6825.3916015625,25688.2265625,23994.013671875,24012.40234375,25777.904296875,28628.5625,30963.853515625,31490.8046875,38938.49609375,40957.76953125,44103.546875
"GDP per capita, PPP (current international $)",NY.GDP.PCAP.PP.CD,Rwanda,RWA,552.965729236828,617.074371994237,1677.02363449563,1780.29239181178,1864.55686890191,1963.39254103935,2118.06433769718,2325.31490871321,2270.90333174194,2709.45782999207,3065.1453603085,3361.10580565545
"GDP per capita, PPP (current international $)",NY.GDP.PCAP.PP.CD,Samoa,WSM,2159.21743226096,3023.19569282026,5421.48444292161,5631.84615755363,6080.34831835655,6213.21757537989,6254.42451849254,6573.42921554874,6362.414203561,6074.68985484715,6057.19736332692,6680.61138559324
"GDP per capita, PPP (current international $)",NY.GDP.PCAP.PP.CD,San Marino,SMR,..,53665.3879848542,51746.1037378979,51199.7734857581,51884.1165069997,52107.5631120892,55044.4838747997,58259.2752445504,56445.2268188013,65717.8915454458,..,..
"GDP per capita, PPP (current international $)",NY.GDP.PCAP.PP.CD,Sao Tome and Principe,STP,1537.35994483175,1834.23787774973,3221.40555730404,3158.37354468614,3304.24526067231,3418.70205952374,3919.45767534383,4629.30024792066,5116.15890344398,5703.24824295017,5994.00220297043,6063.64509698689
"GDP per capita, PPP (current international $)",NY.GDP.PCAP.PP.CD,Saudi Arabia,SAU,32481.0209194816,38169.7112130168,53704.7962098569,47405.6665358493,44695.4693453305,46419.0261820959,48892.7006521718,47149.1762677518,39824.6342665673,47754.4314528841,54251.6379044103,54991.7231800239
"GDP per capita, PPP (current international $)",NY.GDP.PCAP.PP.CD,Senegal,SEN,1550.12559387279,2016.6794980681,2890.94079075817,3043.74289519406,3160.65222464564,3302.04746490853,3453.9168234785,3728.23453254079,3833.54386276069,4258.78628355107,4612.6882661886,4833.03254280993
"GDP per capita, PPP (current international $)",NY.GDP.PCAP.PP.CD,Serbia,SRB,..,6019.86489076939,14658.5348220101,14927.3548655388,15857.4403208321,16609.4527343395,17716.7283868,19688.2529700518,20065.4467718426,22574.2304722328,25057.4195186646,27401.7890745341
"GDP per capita, PPP (current international $)",NY.GDP.PCAP.PP.CD,Seychelles,SYC,8954.94515026785,14637.9590709361,24984.526915426,25435.2289894362,28811.3970334958,30674.6487335442,32091.2988657346,34219.061370118,31055.9442055039,29979.8272686091,30550.3248016359,32693.6402622878
"GDP per capita, PPP (current international $)",NY.GDP.PCAP.PP.CD,Sierra Leone,SLE,764.599786105285,683.434327665142,1735.51881524229,1542.79201006625,1608.40848922466,1555.2696015918,1622.05875388054,1623.65098400926,1587.26350295927,1623.97562392431,1759.74588293516,1846.6838573638
"GDP per capita, PPP (current international $)",NY.GDP.PCAP.PP.CD,Singapore,SGP,23815.1597255024,43781.2691497492,84555.2446100826,87156.187383315,89735.1660600381,95628.2409946334,103899.678923546,105542.413613949,101612.090327577,131864.092335522,141796.101998551,141500.220277358
"GDP per capita, PPP (current international $)",NY.GDP.PCAP.PP.CD,Sint Maarten (Dutch part),SXM,..,..,42344.5424529883,43032.6240305092,43990.5748005295,44918.157566044,42485.5374223288,46565.486920967,39535.8654044437,41365.8075140697,48403.6388727536,51527.1041702907
"GDP per capita, PPP (current international $)",NY.GDP.PCAP.PP.CD,Slovak Republic,SVK,8520.60126683661,11378.0099803341,29029.0782261812,30054.1218355571,29737.5708042482,30142.3674521189,31369.7988265901,33943.3498787454,35001.7482542062,37790.7874369526,41057.0922209188,44650.2028305074
"GDP per capita, PPP (current international $)",NY.GDP.PCAP.PP.CD,Slovenia,SVN,13472.2410595411,18003.5198624079,30870.0236667425,31628.247175832,33936.0440637175,36507.5530416531,38971.8241162221,42747.9621118112,42040.9090611021,46502.0978938704,51281.8575102669,54947.47013724
"GDP per capita, PPP (current international $)",NY.GDP.PCAP.PP.CD,Solomon Islands,SLB,1294.66339548764,1539.57005391245,2455.1162477532,2456.57770249035,2553.32014663964,2614.32648182152,2682.57073585116,2710.55895164371,2591.31231172789,2714.19319555387,2907.64281648032,3034.85475159486
"GDP per capita, PPP (current international $)",NY.GDP.PCAP.PP.CD,Somalia,SOM,429.053359187416,473.339908382699,1289.90067472679,1527.73419097484,1647.45742841444,1735.09122727754,1635.76447272369,1690.24112436661,1562.08779126869,1461.9687916597,1554.60322924791,1611.2841690175
"GDP per capita, PPP (current international $)",NY.GDP.PCAP.PP.CD,South Africa,ZAF,6520.69253898982,8155.20548976471,13570.1497112664,13600.6167977484,13719.9431915834,13979.5238745701,13643.7741390091,13706.713815854,13062.672772759,14172.5442514653,15330.7692737479,15847.4275604525
"GDP per capita, PPP (current international $)",NY.GDP.PCAP.PP.CD,South Sudan,SSD,..,..,1375.42364473082,1145.93832801208,..,..,..,..,..,..,..,..
"GDP per capita, PPP (current international $)",NY.GDP.PCAP.PP.CD,Spain,ESP,13676.3069991903,21586.9938141957,33540.3571743561,34919.3872520672,37305.6291510563,39550.1890761123,40716.6807627631,43739.63291058,38967.339917953,43620.6040614123,48685.4963088272,52779.2340573703
"GDP per capita, PPP (current international $)",NY.GDP.PCAP.PP.CD,Sri Lanka,LKA,2402.32962729343,4487.9956046914,11465.9513812282,12017.0327224265,12946.4081355116,13576.4170421781,14178.0225365529,14112.9525046152,12940.9045057722,14316.1364925465,14182.3081781894,14455.3016168039
"GDP per capita, PPP (current international $)",NY.GDP.PCAP.PP.CD,St. Kitts and Nevis,KNA,8938.39196127323,15184.9491070608,26363.6884241284,26482.0938529388,27793.7446673621,29123.6705283886,30309.3862284619,31964.6901634196,26883.2397886618,26420.3363822552,31223.074862888,33402.8266790857
"GDP per capita, PPP (current international $)",NY.GDP.PCAP.PP.CD,St. Lucia,LCA,6733.77243207705,9262.11311174974,14348.2077929413,14294.5421651279,15240.1759558419,16056.2187576915,17347.9416764267,18584.3294381587,14815.7195038053,18651.8731999561,23546.9338147784,25128.6996785115
"GDP per capita, PPP (current international $)",NY.GDP.PCAP.PP.CD,St. Martin (French part),MAF,..,..,..,..,..,..,..,..,..,..,..,..
"GDP per capita, PPP (current international $)",NY.GDP.PCAP.PP.CD,St. Vincent and the Grenadines,VCT,3936.6117862842,6487.58759839936,12206.2997922816,12434.4116200456,13542.631094481,13590.0943540972,14640.3169475883,15233.6550901809,15254.2471442215,15673.737036819,18044.9732128887,19875.6891739928
"GDP per capita, PPP (current international $)",NY.GDP.PCAP.PP.CD,Sudan,SDN,1520.10876464844,2732.365234375,4470.1357421875,4421.7509765625,4684.09423828125,4465.09375,4422.369140625,4123.92333984375,3525.5556640625,3420.45190429688,3532.0703125,3137.16186523438
"GDP per capita, PPP (current international $)",NY.GDP.PCAP.PP.CD,Suriname,SUR,6488.56347448028,7498.40478757848,16763.391642822,16720.4300662479,14632.2454188542,17751.6813428426,18029.8486822001,19951.6088069919,17093.5096538624,18447.3399360527,20061.3538288327,21047.1825568358
"GDP per capita, PPP (current international $)",NY.GDP.PCAP.PP.CD,Sweden,SWE,20411.1666772031,29622.0384751931,47184.6691338182,49103.1334338706,50430.2528196052,51947.9542478244,53521.6306428288,57229.7767468145,57690.3244587834,63375.0446462412,68088.1932665107,70206.6116365115
"GDP per capita, PPP (current international $)",NY.GDP.PCAP.PP.CD,Switzerland,CHE,28442.331604763,36695.2070554187,63417.0437157565,65265.04573356,67350.7518747757,68193.5054944094,70688.8187491194,73732.2353322093,72997.8239503282,81603.2073073193,90746.4532786,92980.401876095
"GDP per capita, PPP (current international $)",NY.GDP.PCAP.PP.CD,Syrian Arab Republic,SYR,..,..,..,..,..,3306.57214574067,3499.57600463979,3546.65887524285,3507.09239076566,2914.53055943546,..,..
"GDP per capita, PPP (current international $)",NY.GDP.PCAP.PP.CD,Tajikistan,TJK,2573.63978819174,1038.06852416455,3189.27564638984,3017.28119917432,2960.71491440415,3071.22860475938,3129.35566126125,3531.47913236689,3732.87370815427,4074.56022293416,4614.42421354987,5082.17180293729
"GDP per capita, PPP (current international $)",NY.GDP.PCAP.PP.CD,Tanzania,TZA,921.974426269531,1156.7705078125,2200.939453125,2294.26440429688,2408.84130859375,2445.50634765625,2697.20166015625,2947.126953125,3251.58837890625,3451.4482421875,3751.16674804688,3972.60766601563
"GDP per capita, PPP (current international $)",NY.GDP.PCAP.PP.CD,Thailand,THA,4411.02856834797,7282.31040125359,15421.415567255,15846.5231576555,16730.9410417511,17638.277307626,18942.10976061,20023.4457125017,19208.2004462923,20280.9337147138,22213.7993747114,23422.9241932571
"GDP per capita, PPP (current international $)",NY.GDP.PCAP.PP.CD,Timor-Leste,TLS,687.303299139755,1258.13125575228,2852.79562644242,3115.42828982356,3426.31359073054,3516.03127728579,3624.65527681472,4617.02641040167,6254.99859781323,6970.00022084661,5838.24159013022,5108.70503805702
"GDP per capita, PPP (current international $)",NY.GDP.PCAP.PP.CD,Togo,TGO,1145.34600753795,1349.3910545985,1848.68736814505,1927.44972063088,1982.6130849774,2037.19292625378,2121.57689609455,2273.81527752488,2420.16506099481,2646.82803893719,2927.33575934222,3155.32000038484
"GDP per capita, PPP (current international $)",NY.GDP.PCAP.PP.CD,Tonga,TON,2141.23224271441,3480.78391125225,5332.10032250044,5470.50866383844,5908.48506937586,6231.32841487107,6405.56014729789,6571.52864022299,6671.58770905533,6742.46177359667,7016.36613133203,..
"GDP per capita, PPP (current international $)",NY.GDP.PCAP.PP.CD,Trinidad and Tobago,TTO,6799.91320527826,13822.9581470261,29926.6216450913,27758.8305196181,26122.0200169045,26364.227410858,26644.4951081192,26641.3891552789,23972.0481787084,27631.6778146419,29910.142636703,31572.1010218751
"GDP per capita, PPP (current international $)",NY.GDP.PCAP.PP.CD,Tunisia,TUN,3727.95418735679,6197.50729219486,10798.7568828305,10637.4599683237,10845.9676757289,11134.9569201511,11675.1863183148,12314.0859431414,11734.1698616814,12159.0545314745,13253.3906208041,13681.6110894965
"GDP per capita, PPP (current international $)",NY.GDP.PCAP.PP.CD,Turkiye,TUR,8460.74789196166,9498.96441384638,24105.0237978098,25855.7653558275,26695.915689876,28193.1744851997,28299.3988721682,28461.1790315919,28680.2009413236,31637.5305444616,38355.1539672096,44151.0248931869
"GDP per capita, PPP (current international $)",NY.GDP.PCAP.PP.CD,Turkmenistan,TKM,5378.14898493857,4221.14156574617,13384.5034632596,13705.5932346113,14001.3421806214,14476.8488439046,15767.2883753471,17100.0947873695,..,..,..,..
"GDP per capita, PPP (current international $)",NY.GDP.PCAP.PP.CD,Turks and Caicos Islands,TCA,..,..,22502.6426974368,24056.9051578912,25624.3679055038,25895.7761908561,26799.3931831573,26805.8055174915,16514.380742548,21253.0806321669,23848.6222208069,24819.5581804393
"GDP per capita, PPP (current international $)",NY.GDP.PCAP.PP.CD,Tuvalu,TUV,1596.57436624487,2523.42206803727,3381.32345670976,3775.81515277937,4036.73217710422,4218.95764998647,4360.57870255404,5004.69469231536,4804.46174753939,5053.7504457011,5394.22875345725,5763.45491379554
"GDP per capita, PPP (current international $)",NY.GDP.PCAP.PP.CD,Uganda,UGA,665.243997759178,1123.24794768722,2137.474174733,2193.1255730684,2168.13931565235,2160.6626736512,2314.86638816119,2444.24828731179,2535.21570663553,2688.26683541475,2920.66477018752,3098.11101633488
"GDP per capita, PPP (current international $)",NY.GDP.PCAP.PP.CD,Ukraine,UKR,7614.3427734375,4260.8017578125,10664.6240234375,10064.8427734375,11011.970703125,11686.857421875,12708.798828125,14380.861328125,15716.841796875,18040.345703125,16080.228515625,18007.486328125
"GDP per capita, PPP (current international $)",NY.GDP.PCAP.PP.CD,United Arab Emirates,ARE,86860.6487815545,97402.3049009562,77756.4733197473,68409.2329733712,67256.7745306558,69205.7285326035,76767.494524441,78839.0924822846,66153.2638613342,68912.5455452314,78915.2547555887,83902.6711259525
"GDP per capita, PPP (current international $)",NY.GDP.PCAP.PP.CD,United Kingdom,GBR,17054.444821826,26529.8521734351,41278.1275079919,42496.8542909218,44082.1164678494,46048.2000506645,47090.4848967293,49911.1566522003,48005.879606196,52841.6345850474,56761.5172982103,58906.2388575418
"GDP per capita, PPP (current international $)",NY.GDP.PCAP.PP.CD,United States,USA,23888.6000088133,36329.9702595751,55304.3155317137,57040.2082136605,58206.6141931841,60322.261424175,63201.0458483771,65548.0707847572,64317.398912504,71055.87619383,77246.6738828675,81695.1870713302
"GDP per capita, PPP (current international $)",NY.GDP.PCAP.PP.CD,Uruguay,URY,6656.02336986409,10842.9274823181,21640.0332134751,21941.8905523237,22609.8349867698,23373.7525183876,24155.1088458054,25548.0633843286,25551.3370537567,29187.42867517,32746.31527644,34061.5129496746
"GDP per capita, PPP (current international $)",NY.GDP.PCAP.PP.CD,Uzbekistan,UZB,2658.81274660481,2658.92250011558,6494.85994090061,6680.18470067687,6796.90489209483,6840.70985995243,7192.5053501179,7513.69754045368,7516.21566377009,8162.19581678151,9042.34391622839,9724.73400808025
"GDP per capita, PPP (current international $)",NY.GDP.PCAP.PP.CD,Vanuatu,VUT,1638.41540951581,2139.56580192865,2801.67333004409,2771.19322289478,2858.58723594307,3018.76311735302,3102.03091542338,3180.31333814746,2989.92383139182,3006.5803095493,3203.61662269951,3315.07344712078
"GDP per capita, PPP (current international $)",NY.GDP.PCAP.PP.CD,"Venezuela, RB",VEN,9534.00707509375,11624.0394789456,..,..,..,..,..,..,..,..,..,..
"GDP per capita, PPP (current international $)",NY.GDP.PCAP.PP.CD,Viet Nam,VNM,1184.2306713859,2552.99752593495,7332.39585680778,7724.16101671363,8453.06521906826,9281.28336429456,10149.498164063,11190.1531912569,11781.1482979734,12230.2596221026,14051.2487714012,15194.3427834845
"GDP per capita, PPP (current international $)",NY.GDP.PCAP.PP.CD,Virgin Islands (U.S.),VIR,..,..,32360.9003830107,32573.7166813275,33470.5904771466,33893.5501815475,36746.4868901837,40021.7775798021,41354.1963283782,46238.0596542703,..,..
"GDP per capita, PPP (current international $)",NY.GDP.PCAP.PP.CD,West Bank and Gaza,PSE,..,2782.50352623361,5381.63690987475,5769.98236633202,6062.23274844577,6106.64574037122,6215.81647317396,6508.44835080318,5956.28620064819,5663.12160743584,6158.1600930858,5888.39431103355
"GDP per capita, PPP (current international $)",NY.GDP.PCAP.PP.CD,"Yemen, Rep.",YEM,1809.27580606355,2763.81051535085,..,..,..,..,..,..,..,..,..,..
"GDP per capita, PPP (current international $)",NY.GDP.PCAP.PP.CD,Zambia,ZMB,1541.37455758738,1730.36525882892,3475.75962936452,3368.46031177651,3342.33199112982,3419.71783494745,3468.84412099631,3385.78657047215,3179.26541108277,3526.50741804083,3864.89436678034,4125.62555555083
"GDP per capita, PPP (current international $)",NY.GDP.PCAP.PP.CD,Zimbabwe,ZWE,1794.31816869789,2237.57926489714,2618.24085915746,2692.29070035903,2825.35716474699,2435.79435796907,2611.32640893323,2711.52933410429,2784.87239456881,3276.26775276077,3660.8355008182,3899.89923349249
"GDP per capita, PPP (current international $)",NY.GDP.PCAP.PP.CD,Africa Eastern and Southern,AFE,1816.03586561908,2140.70967930436,3473.84325265686,3502.29666225392,3595.84104139358,3640.62858239979,3695.3868844571,3783.51875125366,3666.87196121749,3967.40062889228,4294.02528117969,4459.76413365087
"GDP per capita, PPP (current international $)",NY.GDP.PCAP.PP.CD,Africa Western and Central,AFW,1741.68751953343,2049.5890565845,4180.42772373345,4130.73627388289,4072.79226056154,4139.38760428211,4272.38785238209,4525.09124361269,4503.39664759409,4756.30841947667,5156.12010265163,5389.58089595791
"GDP per capita, PPP (current international $)",NY.GDP.PCAP.PP.CD,Arab World,ARB,6828.90617535741,10035.6679516006,15743.4224414507,14275.7189645299,13839.3946265852,14439.4061573788,15434.3679645583,15550.0988946261,14314.7721939757,15640.1570360399,17400.713764194,17913.683964503
"GDP per capita, PPP (current international $)",NY.GDP.PCAP.PP.CD,Caribbean small states,CSS,7150.79511087418,10345.5669771195,15861.5988557405,16035.0021139298,15876.8389024768,16937.5356081639,17525.3235679629,18575.0945215188,16860.2611534076,19757.122425393,26327.0343690379,31173.8765006823
"GDP per capita, PPP (current international $)",NY.GDP.PCAP.PP.CD,Central Europe and the Baltics,CEB,7517.81847439496,10015.9925664639,24930.6566407373,26138.7832134565,27759.4752283361,29835.9795536823,32020.3911908708,35482.038696541,35850.3487946529,39902.2158317656,45163.4349020907,48261.1524268396
"GDP per capita, PPP (current international $)",NY.GDP.PCAP.PP.CD,Early-demographic dividend,EAR,2961.40860396615,4176.4176,8224.2668049711,8332.69328032325,8647.51898089679,9078.32659038228,9590.82943012095,9910.48275143819,9665.10971553127,10752.0350024521,12142.2432595477,13095.9478361676
"GDP per capita, PPP (current international $)",NY.GDP.PCAP.PP.CD,East Asia & Pacific,EAS,3250.68095239595,5775.98467634083,14841.1410557412,15309.9626858088,15872.8804910851,16663.6416702187,17770.1576272425,18823.8203995837,19126.9532164683,21207.8616674989,23289.3171281259,25131.2962561086
"GDP per capita, PPP (current international $)",NY.GDP.PCAP.PP.CD,East Asia & Pacific (excluding high income),EAP,1458.71241220114,3311.65746578646,11618.6587245402,11998.9323514084,12586.9921537481,13337.2597532909,14425.0838003375,15487.9473229035,15792.4479110189,17704.2856043395,19590.3533629688,21270.7762392199
"GDP per capita, PPP (current international $)",NY.GDP.PCAP.PP.CD,East Asia & Pacific (IDA & IBRD countries),TEA,1476.1957465299,3350.66754909406,11749.226100972,12133.4262634086,12727.7066810994,13485.9026881604,14585.5195422585,15659.985796887,15967.7770101713,17900.9397648165,19808.2362468327,21507.7013931115
"GDP per capita, PPP (current international $)",NY.GDP.PCAP.PP.CD,Euro area,EMU,17030.4531228522,25115.6373952081,39736.263178629,40826.3267228219,43313.4657544846,45399.5680224631,47320.1602324273,50853.4202112256,49285.504970038,54208.1300845637,59534.2072802853,62585.8387737249
"GDP per capita, PPP (current international $)",NY.GDP.PCAP.PP.CD,Europe & Central Asia,ECS,11940.7964399211,15927.5546532784,30488.5380163292,30917.5185625484,32328.5945646293,34029.1848314838,35730.9323788201,38322.895193471,37780.4475784033,42464.9646444818,46899.6040232529,49755.6047003729
"GDP per capita, PPP (current international $)",NY.GDP.PCAP.PP.CD,Europe & Central Asia (excluding high income),ECA,6404.69857050052,5764.4088429599,15829.8814179906,16131.4241135748,16733.5775558401,17569.6917104265,18177.2606739987,19243.4216759187,19603.4375360865,21950.8680983824,24887.1417477586,27906.7118532859
"GDP per capita, PPP (current international $)",NY.GDP.PCAP.PP.CD,Europe & Central Asia (IDA & IBRD countries),TEC,6944.98482817245,6617.60013069822,20220.936604236,20008.1689982347,20575.0440518454,21893.7411273228,23439.5207115276,25254.8241281757,25676.2123991206,29885.662509318,32986.4591153758,36096.9880571733
"GDP per capita, PPP (current international $)",NY.GDP.PCAP.PP.CD,European Union,EUU,14983.6685273496,22075.6366276142,37065.5981964675,38224.1051741392,40552.296778986,42666.6986932236,44654.3485271638,48194.9375050585,47106.4373764272,51916.8314504537,57339.3919245692,60348.4815656797
"GDP per capita, PPP (current international $)",NY.GDP.PCAP.PP.CD,Fragile and conflict affected situations,FCS,2469.74562850395,2668.11538010105,4624.6132050462,4425.67639219102,4485.44239986979,4634.35054042444,4914.65905893186,5138.876452112,4990.50800095647,5228.80562969875,5401.6261207199,5580.63813408705
"GDP per capita, PPP (current international $)",NY.GDP.PCAP.PP.CD,Heavily indebted poor countries (HIPC),HPC,1082.2817442252,1321.03684573326,2321.47660531774,2379.09919861691,2475.80397391076,2565.2042826422,2670.12834720373,2807.33835189608,2801.32644541831,2993.85520001472,3258.74564597665,3427.67251119598
"GDP per capita, PPP (current international $)",NY.GDP.PCAP.PP.CD,High income,HIC,16819.9399279664,24993.8691286904,42363.0603194577,42890.0008894187,44081.3108375567,45994.3820323933,48196.5370098473,50504.6252737588,49474.5533332796,55103.0624486675,60235.3528178207,63340.405513529
"GDP per capita, PPP (current international $)",NY.GDP.PCAP.PP.CD,IBRD only,IBD,2972.40350145837,4477.25244426346,11516.4192590896,11632.2180733547,12080.0757533864,12745.0216395523,13641.9060746909,14440.7141013939,14470.6124791903,16356.5960625459,18149.4277272296,19636.1073917148
"GDP per capita, PPP (current international $)",NY.GDP.PCAP.PP.CD,IDA & IBRD total,IBT,2647.41313121321,3877.09984953219,9500.45772165269,9593.43446241153,9936.31958737274,10440.1705003412,11132.4764489119,11746.8559905076,11743.293720446,13155.8659350774,14529.8424034417,15625.810611703
"GDP per capita, PPP (current international $)",NY.GDP.PCAP.PP.CD,IDA blend,IDB,2017.62493058789,2423.23710684603,4746.85475061007,4836.02140660949,4873.23675062027,4957.10302975418,5133.29644324403,5320.38675731192,5317.532617049,5632.05995762171,6153.82437696321,6386.85041403226
"GDP per capita, PPP (current international $)",NY.GDP.PCAP.PP.CD,IDA only,IDX,1030.79112449633,1398.6059162372,2853.55002164207,2948.49793557677,3095.57877490968,3232.87123720471,3446.39202991948,3653.74088450333,3686.38584354132,3909.94887439563,4276.11467191979,4512.69029299257
"GDP per capita, PPP (current international $)",NY.GDP.PCAP.PP.CD,IDA total,IDA,1355.79737852237,1738.90881203946,3484.67571741006,3576.16378188944,3683.23481541375,3800.00517587739,3998.89108091482,4197.3680056662,4216.97197473191,4469.19599940516,4885.22885084826,5118.49704127847
"GDP per capita, PPP (current international $)",NY.GDP.PCAP.PP.CD,Late-demographic dividend,LTE,2898.88254878947,4797.68373130465,14858.2315304697,14941.4912990667,15460.82833486,16366.9728430341,17695.839658046,18972.3886190143,19236.6503632811,21905.7213396337,24146.0427543924,26054.0314360212
"GDP per capita, PPP (current international $)",NY.GDP.PCAP.PP.CD,Latin America & Caribbean,LCN,6276.72465818662,8797.52814742624,15408.4648803588,15191.0663311109,15441.5674363913,16075.9936882222,16760.4800819079,17169.5131512131,16501.6112290472,18561.5332194452,20726.8648611597,21822.7256549865
"GDP per capita, PPP (current international $)",NY.GDP.PCAP.PP.CD,Latin America & Caribbean (excluding high income),LAC,6177.90202544927,8568.97543619604,14920.029916203,14678.033673608,14894.6416825555,15491.2558469625,16144.2246621039,16501.5215157225,15850.2020416249,17792.0281662666,19860.833234426,20898.8416544875
"GDP per capita, PPP (current international $)",NY.GDP.PCAP.PP.CD,Latin America & the Caribbean (IDA & IBRD countries),TLA,6258.00472555865,8722.79364548899,15340.002408747,15119.5619358719,15372.5296399243,16014.1390866829,16694.9165501593,17090.0263670157,16423.9486915516,18476.4321866365,20627.1947870845,21717.2371754885
"GDP per capita, PPP (current international $)",NY.GDP.PCAP.PP.CD,Least developed countries: UN classification,LDC,941.754039266173,1270.52562464982,2662.58738647077,2724.6514158114,2852.34700209648,2977.77829443481,3198.09425419464,3400.88184079964,3438.59878332198,3645.87021765332,4000.27345175169,4214.84168117323
"GDP per capita, PPP (current international $)",NY.GDP.PCAP.PP.CD,Low & middle income,LMY,2330.42697697088,3636.15042640419,8804.49779197339,8933.82633830971,9270.53901879551,9724.59415473618,10350.0472580246,10894.6423152134,10886.2467062407,12120.2090686564,13429.3008027995,14454.1869696327
"GDP per capita, PPP (current international $)",NY.GDP.PCAP.PP.CD,Low income,LIC,767.297639531891,975.380523460896,1704.82043483381,1775.2280665312,1876.79837300157,1928.42541910848,1995.93799324916,2083.39304078307,2066.87286682484,2127.34272657041,2299.26063707359,2397.98202987991
"GDP per capita, PPP (current international $)",NY.GDP.PCAP.PP.CD,Lower middle income,LMC,1538.17974263631,2347.49175781777,5360.9030706018,5560.65125768453,5824.65379911842,6123.77456694924,6600.04893504777,7010.73076952127,6968.50827076422,7684.54349046363,8616.17722470559,9308.18995072841
"GDP per capita, PPP (current international $)",NY.GDP.PCAP.PP.CD,Middle East & North Africa,MEA,7785.4800274078,11405.8114825403,17651.0769213628,15985.434095273,15771.8309433036,16480.0712992088,17406.4899857658,17315.0245275077,16374.9523254995,17915.005577334,19980.1594609486,20802.2296223788
"GDP per capita, PPP (current international $)",NY.GDP.PCAP.PP.CD,Middle East & North Africa (excluding high income),MNA,4815.98566432931,7288.2781604835,11090.0663906977,10464.0346401388,10546.8134219017,10996.1924550202,11486.2246829738,11469.790963854,11648.8395877124,12344.4636304986,13642.7116155089,14347.150215967
"GDP per capita, PPP (current international $)",NY.GDP.PCAP.PP.CD,Middle East & North Africa (IDA & IBRD countries),TMN,4840.62820748461,7336.22282500187,11156.5859737506,10518.8842079655,10599.425153688,11053.7283804765,11548.7183030867,11529.120565618,11717.4137450239,12425.6289123362,13734.4700651771,14451.8454572582
"GDP per capita, PPP (current international $)",NY.GDP.PCAP.PP.CD,Middle income,MIC,2450.84561387809,3865.08851659213,9560.56475045423,9707.17823994551,10081.9643778332,10593.0394987277,11295.3092044748,11909.2276916778,11920.2877477885,13311.3934838374,14781.742562544,15946.3108963008
"GDP per capita, PPP (current international $)",NY.GDP.PCAP.PP.CD,North America,NAC,23525.6747312156,35650.1373230483,54351.2100031102,55804.216933605,57030.6809834499,59113.837299206,61858.6613849492,64005.8253003186,62703.0540385624,69482.651697582,75661.3121844402,79550.3767082628
"GDP per capita, PPP (current international $)",NY.GDP.PCAP.PP.CD,Not classified,INX,..,..,..,..,..,..,..,..,..,..,..,..
"GDP per capita, PPP (current international $)",NY.GDP.PCAP.PP.CD,OECD members,OED,16721.4827400181,24716.3006697006,39438.0639287734,40574.1609939736,41954.2247212293,43574.8448263325,45250.3408388969,47241.4220273436,46290.7133762584,50844.7564355333,55935.1469881201,58955.5053657294
"GDP per capita, PPP (current international $)",NY.GDP.PCAP.PP.CD,Other small states,OSS,7793.57722614176,11787.8411441602,20974.9421502264,20394.2662739694,21244.0833274955,22714.9766605277,23780.6941256272,25654.639359674,24305.4304561106,26843.7342314024,29690.739613268,31386.5912588148
"GDP per capita, PPP (current international $)",NY.GDP.PCAP.PP.CD,Pacific island small states,PSS,2773.28121562155,3692.17407295897,6204.84745315459,6614.09767512985,6777.0187261204,7110.62931911775,7267.89457491793,7297.97344126118,6459.95765263934,6267.2638415387,7406.84738836147,8064.768135362
"GDP per capita, PPP (current international $)",NY.GDP.PCAP.PP.CD,Post-demographic dividend,PST,18060.6191525667,26937.0219200069,43151.6989251412,44264.2849563857,45766.6284300122,47607.5637932307,49620.0202270069,52005.4480146449,51024.6099526388,56189.7862985183,61380.1048438053,64563.2722429816
"GDP per capita, PPP (current international $)",NY.GDP.PCAP.PP.CD,Pre-demographic dividend,PRE,1472.44110586652,2053.15884419487,3620.06754707933,3444.81309415045,3441.48669106215,3538.10725109666,3723.42648251948,3885.04761740547,3758.03909288696,4029.92041313598,4375.40206684157,4518.32401702926
"GDP per capita, PPP (current international $)",NY.GDP.PCAP.PP.CD,Small states,SST,7030.76582315846,10466.8432313287,18203.0926524521,17881.1443354107,18484.8847536042,19748.1259338298,20621.6801896392,22123.1056425802,20775.1611886612,22995.3808887822,26204.100773023,28262.7708852285
"GDP per capita, PPP (current international $)",NY.GDP.PCAP.PP.CD,South Asia,SAS,1262.56189448866,2096.65550668958,5002.67684831734,5226.85980235881,5567.56302854154,5888.16457771288,6403.39632970279,6790.11325708705,6684.83529972055,7610.50189556723,8588.82735681985,9387.8553033185
"GDP per capita, PPP (current international $)",NY.GDP.PCAP.PP.CD,South Asia (IDA & IBRD),TSA,1262.56189448866,2096.65550668958,5002.67684831734,5226.85980235881,5567.56302854154,5888.16457771288,6403.39632970279,6790.11325708705,6684.83529972055,7610.50189556723,8588.82735681985,9387.8553033185
"GDP per capita, PPP (current international $)",NY.GDP.PCAP.PP.CD,Sub-Saharan Africa,SSF,1785.43511907838,2103.23132902091,3760.1415717548,3756.75990099943,3788.59264713473,3842.30172362776,3928.86429968935,4083.84844696899,4005.75591762377,4286.73516505086,4642.99187154586,4836.23024276949
"GDP per capita, PPP (current international $)",NY.GDP.PCAP.PP.CD,Sub-Saharan Africa (excluding high income),SSA,1784.47009174241,2101.71217933356,3758.1664584684,3754.7526051324,3786.30545847599,3839.88324216329,3926.36843292581,4081.22385440253,4003.44231278026,4284.57734971085,4640.42766498727,4833.54354620437
"GDP per capita, PPP (current international $)",NY.GDP.PCAP.PP.CD,Sub-Saharan Africa (IDA & IBRD countries),TSS,1785.43511907838,2103.23132902091,3760.1415717548,3756.75990099943,3788.59264713472,3842.30172362776,3928.86429968935,4083.84844696899,4005.75591762377,4286.73516505086,4642.99187154586,4836.2302427695
"GDP per capita, PPP (current international $)",NY.GDP.PCAP.PP.CD,Upper middle income,UMC,3196.48155667283,5219.17114921519,13800.4538304315,13920.7381634576,14437.7124876304,15196.9957013901,16165.8645203265,17027.965098342,17139.0080689923,19296.589692196,21411.8783106591,23158.1871462124
"GDP per capita, PPP (current international $)",NY.GDP.PCAP.PP.CD,World,WLD,5588.30897642495,8019.88218497832,15034.773610965,15196.3281405978,15649.6384835533,16326.4679984333,17193.8761475669,18009.9351872717,17772.1128243959,19719.5146949101,21656.2032049534,23009.815025979
,,,,,,,,,,,,,,,
,,,,,,,,,,,,,,,
,,,,,,,,,,,,,,,
Data from database: World Development Indicators,,,,,,,,,,,,,,,
Last Updated: 11/13/2024,,,,,,,,,,,,,,,
